{"GameId":[{"key":"VALID","count":45950}],"GameDate":[{"key":"VALID","count":45950}],"Quarter":[{"key":"VALID","count":45950}],"Minute":[{"key":"VALID","count":45950}],"Second":[{"key":"VALID","count":45950}],"OffenseTeam":[{"key":"VALID","count":42574},{"key":"EMPTY","count":3376}],"DefenseTeam":[{"key":"VALID","count":45950}],"Down":[{"key":"VALID","count":45950}],"ToGo":[{"key":"VALID","count":45950}],"YardLine":[{"key":"VALID","count":45950}],"SeriesFirstDown":[{"key":"VALID","count":45950}],"Description":[{"key":"VALID","count":45950}],"Description2":[{"key":"EMPTY","count":40946},{"key":"VALID","count":5004}],"isKick":[{"key":"VALID","count":45950}],"kickYards":[{"key":"EMPTY","count":43372},{"key":"VALID","count":2578}],"isPunt":[{"key":"VALID","count":45950}],"puntYards":[{"key":"EMPTY","count":43577},{"key":"VALID","count":2373}],"Sacked":[{"key":"VALID","count":45950}],"Reciever":[{"key":"VALID","count":45950}],"QB":[{"key":"VALID","count":45950}],"ExtraPoint":[{"key":"EMPTY","count":44771},{"key":"VALID","count":1179}],"Shotgun":[{"key":"EMPTY","count":23616},{"key":"VALID","count":22334}],"PlayClock":[{"key":"VALID","count":35105},{"key":"EMPTY","count":10845}],"TimeOutTime":[{"key":"EMPTY","count":44118},{"key":"VALID","count":1832}],"TimeOutNumber":[{"key":"EMPTY","count":44179},{"key":"VALID","count":1771}],"TimeOutBy":[{"key":"EMPTY","count":44179},{"key":"VALID","count":1771}],"TwoMinWarn":[{"key":"VALID","count":45950}],"EndQuarter":[{"key":"EMPTY","count":44934},{"key":"VALID","count":1016}],"Yards":[{"key":"VALID","count":45950}],"Formation":[{"key":"VALID","count":45950}],"PlayType":[{"key":"VALID","count":44342},{"key":"EMPTY","count":1608}],"RunningBack":[{"key":"EMPTY","count":45950}],"IsRush":[{"key":"VALID","count":45950}],"IsPass":[{"key":"VALID","count":45950}],"IsComplete":[{"key":"EMPTY","count":26630},{"key":"VALID","count":19320}],"IsTouchdown":[{"key":"VALID","count":45950}],"PassType":[{"key":"EMPTY","count":26631},{"key":"VALID","count":19319}],"IsSack":[{"key":"VALID","count":45950}],"IsChallenge":[{"key":"VALID","count":45950}],"IsChalReversed":[{"key":"EMPTY","count":45781},{"key":"VALID","count":169}],"IsInterception":[{"key":"VALID","count":45950}],"IsFumble":[{"key":"VALID","count":45950}],"IsPenalty":[{"key":"VALID","count":45950}],"IsTPC":[{"key":"VALID","count":45950}],"IsTPCGood":[{"key":"EMPTY","count":45845},{"key":"VALID","count":105}],"RushDirection":[{"key":"EMPTY","count":33523},{"key":"VALID","count":12427}],"IsPenAcc":[{"key":"EMPTY","count":42055},{"key":"VALID","count":3895}],"PenaltyTeam":[{"key":"EMPTY","count":42057},{"key":"VALID","count":3893}],"PenaltyType":[{"key":"EMPTY","count":42056},{"key":"VALID","count":3894}],"PenYards":[{"key":"EMPTY","count":42055},{"key":"VALID","count":3895}]}
