{"GameId":{"k":20,"c":10,"ub":171,"topk":[{"key":"2016103000","count":233},{"key":"2016112709","count":233},{"key":"2016122400","count":222},{"key":"2016103007","count":214},{"key":"2016101605","count":211},{"key":"2016091800","count":208},{"key":"2016092505","count":208},{"key":"2016102312","count":208},{"key":"2016092509","count":206},{"key":"2016103010","count":206},{"key":"2016110610","count":203},{"key":"2017010108","count":202},{"key":"2016091806","count":201},{"key":"2016091104","count":200},{"key":"2016100200","count":200},{"key":"2016101606","count":200},{"key":"2016100202","count":199},{"key":"2016121808","count":198},{"key":"2016092500","count":197},{"key":"2016101612","count":197}]},"GameDate":{"min":1473292800000,"max":1483228800000,"roundMin":1473000000000,"roundMax":1484000000000,"buckets":[{"pos":0,"b":2993},{"pos":1,"b":5667},{"pos":2,"b":4994},{"pos":3,"b":3097},{"pos":4,"b":4973},{"pos":5,"b":4603},{"pos":6,"b":3215},{"pos":7,"b":4983},{"pos":8,"b":3234},{"pos":9,"b":5354},{"pos":10,"b":2837}],"quartiles":{"q1":1475742931072,"q2":1478390400000,"q3":1480903126811}},"Quarter":{"min":1,"max":5,"roundMin":1,"roundMax":6,"buckets":[{"pos":0,"b":10034},{"pos":1,"b":12841},{"pos":2,"b":10002},{"pos":3,"b":12719},{"pos":4,"b":354}],"quartiles":{"q1":2,"q2":3,"q3":4}},"Minute":{"min":0,"max":15,"roundMin":0,"roundMax":16,"buckets":[{"pos":0,"b":5602},{"pos":1,"b":3887},{"pos":2,"b":3887},{"pos":3,"b":3003},{"pos":4,"b":2797},{"pos":5,"b":2576},{"pos":6,"b":2687},{"pos":7,"b":2536},{"pos":8,"b":2651},{"pos":9,"b":2666},{"pos":10,"b":2621},{"pos":11,"b":2465},{"pos":12,"b":2582},{"pos":13,"b":2383},{"pos":14,"b":2250},{"pos":15,"b":1357}],"quartiles":{"q1":2,"q2":6,"q3":10}},"Second":{"min":0,"max":59,"roundMin":0,"roundMax":60,"buckets":[{"pos":0,"b":6903},{"pos":1,"b":3504},{"pos":2,"b":3675},{"pos":3,"b":3694},{"pos":4,"b":3725},{"pos":5,"b":3626},{"pos":6,"b":3428},{"pos":7,"b":3381},{"pos":8,"b":3394},{"pos":9,"b":3414},{"pos":10,"b":3625},{"pos":11,"b":3581}],"quartiles":{"q1":11,"q2":27,"q3":43}},"OffenseTeam":{"k":20,"c":10,"ub":0,"topk":[{"key":"NO","count":1425},{"key":"ARI","count":1415},{"key":"OAK","count":1405},{"key":"PHI","count":1400},{"key":"BAL","count":1393},{"key":"NE","count":1393},{"key":"TB","count":1384},{"key":"CAR","count":1376},{"key":"JAX","count":1366},{"key":"IND","count":1359},{"key":"HOU","count":1352},{"key":"GB","count":1340},{"key":"CIN","count":1339},{"key":"DEN","count":1339},{"key":"PIT","count":1339},{"key":"SD","count":1329},{"key":"ATL","count":1324},{"key":"BUF","count":1324},{"key":"SEA","count":1323},{"key":"WAS","count":1323}]},"DefenseTeam":{"k":20,"c":10,"ub":0,"topk":[{"key":"SF","count":1552},{"key":"MIA","count":1537},{"key":"DEN","count":1513},{"key":"CLE","count":1482},{"key":"JAX","count":1480},{"key":"NYG","count":1475},{"key":"KC","count":1473},{"key":"TEN","count":1464},{"key":"ATL","count":1461},{"key":"LA","count":1460},{"key":"SD","count":1459},{"key":"ARI","count":1450},{"key":"BUF","count":1450},{"key":"CAR","count":1450},{"key":"WAS","count":1440},{"key":"CHI","count":1439},{"key":"IND","count":1438},{"key":"NO","count":1434},{"key":"CIN","count":1427},{"key":"SEA","count":1420}]},"Down":{"min":0,"max":4,"roundMin":0,"roundMax":5,"buckets":[{"pos":0,"b":7385},{"pos":1,"b":15758},{"pos":2,"b":11581},{"pos":3,"b":7325},{"pos":4,"b":3901}],"quartiles":{"q1":1,"q2":1,"q3":2}},"ToGo":{"min":0,"max":44,"roundMin":0,"roundMax":45,"buckets":[{"pos":0,"b":14388},{"pos":1,"b":9169},{"pos":2,"b":19853},{"pos":3,"b":1596},{"pos":4,"b":751},{"pos":5,"b":144},{"pos":6,"b":41},{"pos":7,"b":4},{"pos":8,"b":4}],"quartiles":{"q1":3,"q2":9,"q3":10}},"YardLine":{"min":0,"max":99,"roundMin":0,"roundMax":100,"buckets":[{"pos":0,"b":3752},{"pos":1,"b":638},{"pos":2,"b":1073},{"pos":3,"b":1648},{"pos":4,"b":2569},{"pos":5,"b":4669},{"pos":6,"b":3008},{"pos":7,"b":5391},{"pos":8,"b":2777},{"pos":9,"b":2404},{"pos":10,"b":2287},{"pos":11,"b":1970},{"pos":12,"b":1943},{"pos":13,"b":1717},{"pos":14,"b":1655},{"pos":15,"b":1568},{"pos":16,"b":1503},{"pos":17,"b":2574},{"pos":18,"b":1236},{"pos":19,"b":1568}],"quartiles":{"q1":25,"q2":40,"q3":66}},"SeriesFirstDown":{"min":0,"max":1,"roundMin":0,"roundMax":2,"buckets":[{"pos":0,"b":29601},{"pos":1,"b":16349}],"quartiles":{"q1":0,"q2":0,"q3":1}},"Description":{"k":20,"c":10,"ub":2,"topk":[{"key":"TWO-MINUTE WARNING","count":491},{"key":"END QUARTER 3","count":256},{"key":"END QUARTER 2","count":255},{"key":"END QUARTER 1","count":253},{"key":"END GAME","count":252},{"key":"2-J.LAMBO KICKS 65 YARDS FROM SD 35 TO END ZONE, TOUCHBACK.","count":64},{"key":"5-M.BOSHER KICKS 65 YARDS FROM ATL 35 TO END ZONE, TOUCHBACK.","count":64},{"key":"9-G.GANO KICKS 65 YARDS FROM CAR 35 TO END ZONE, TOUCHBACK.","count":60},{"key":"3-D.HOPKINS KICKS 65 YARDS FROM WAS 35 TO END ZONE, TOUCHBACK.","count":59},{"key":"2-J.MYERS KICKS 65 YARDS FROM JAX 35 TO END ZONE, TOUCHBACK.","count":58},{"key":"4-R.SUCCOP KICKS 65 YARDS FROM TEN 35 TO END ZONE, TOUCHBACK.","count":57},{"key":"4-S.HAUSCHKA KICKS 65 YARDS FROM SEA 35 TO END ZONE, TOUCHBACK.","count":53},{"key":"5-D.BAILEY KICKS 65 YARDS FROM DAL 35 TO END ZONE, TOUCHBACK.","count":51},{"key":"6-S.MARTIN KICKS 65 YARDS FROM DET 35 TO END ZONE, TOUCHBACK.","count":51},{"key":"19-R.AGUAYO KICKS 65 YARDS FROM TB 35 TO END ZONE, TOUCHBACK.","count":50},{"key":"3-M.BRYANT EXTRA POINT IS GOOD, CENTER-47-J.HARRIS, HOLDER-5-M.BOSHER.","count":50},{"key":"7-C.CATANZARO KICKS 65 YARDS FROM ARI 35 TO END ZONE, TOUCHBACK.","count":50},{"key":"8-B.MCMANUS KICKS 65 YARDS FROM DEN 35 TO END ZONE, TOUCHBACK.","count":49},{"key":"1-P.MCAFEE KICKS 65 YARDS FROM IND 35 TO END ZONE, TOUCHBACK.","count":48},{"key":"3-S.GOSTKOWSKI KICKS 65 YARDS FROM NE 35 TO END ZONE, TOUCHBACK.","count":48}]},"Description2":{"min":10,"max":82,"roundMin":10,"roundMax":85,"buckets":[{"pos":0,"b":36},{"pos":1,"b":21},{"pos":2,"b":11},{"pos":3,"b":73},{"pos":4,"b":168},{"pos":5,"b":329},{"pos":6,"b":559},{"pos":7,"b":518},{"pos":8,"b":466},{"pos":9,"b":359},{"pos":10,"b":481},{"pos":11,"b":1865},{"pos":12,"b":103},{"pos":13,"b":12},{"pos":14,"b":3}],"quartiles":{"q1":45,"q2":59,"q3":65}},"isKick":{"min":0,"max":1,"roundMin":0,"roundMax":2,"buckets":[{"pos":0,"b":43388},{"pos":1,"b":2562}],"quartiles":{"q1":0,"q2":0,"q3":0}},"kickYards":{"min":14,"max":82,"roundMin":10,"roundMax":85,"buckets":[{"pos":0,"b":0},{"pos":1,"b":1},{"pos":2,"b":0},{"pos":3,"b":2},{"pos":4,"b":3},{"pos":5,"b":6},{"pos":6,"b":13},{"pos":7,"b":24},{"pos":8,"b":61},{"pos":9,"b":122},{"pos":10,"b":391},{"pos":11,"b":1851},{"pos":12,"b":94},{"pos":13,"b":7},{"pos":14,"b":3}],"quartiles":{"q1":65,"q2":65,"q3":65}},"isPunt":{"min":0,"max":1,"roundMin":0,"roundMax":2,"buckets":[{"pos":0,"b":43595},{"pos":1,"b":2355}],"quartiles":{"q1":0,"q2":0,"q3":0}},"puntYards":{"min":12,"max":78,"roundMin":10,"roundMax":80,"buckets":[{"pos":0,"b":1},{"pos":1,"b":12},{"pos":2,"b":8},{"pos":3,"b":69},{"pos":4,"b":163},{"pos":5,"b":320},{"pos":6,"b":539},{"pos":7,"b":494},{"pos":8,"b":401},{"pos":9,"b":249},{"pos":10,"b":81},{"pos":11,"b":22},{"pos":12,"b":9},{"pos":13,"b":5}],"quartiles":{"q1":40,"q2":45,"q3":52}},"Sacked":{"k":20,"c":10,"ub":0,"topk":[{"key":"\"\"","count":44774},{"key":"\"T.TAYLOR\"","count":45},{"key":"\"A.DALTON\"","count":43},{"key":"\"R.WILSON\"","count":43},{"key":"\"A.LUCK\"","count":42},{"key":"\"C.PALMER\"","count":42},{"key":"\"M.RYAN\"","count":40},{"key":"\"M.STAFFORD\"","count":40},{"key":"\"P.RIVERS\"","count":39},{"key":"\"A.RODGERS\"","count":38},{"key":"\"S.BRADFORD\"","count":38},{"key":"\"C.NEWTON\"","count":37},{"key":"\"C.KAEPERNICK\"","count":36},{"key":"\"J.WINSTON\"","count":35},{"key":"\"B.BORTLES\"","count":34},{"key":"\"J.FLACCO\"","count":34},{"key":"\"C.WENTZ\"","count":33},{"key":"\"T.SIEMIAN\"","count":33},{"key":"\"D.BREES\"","count":31},{"key":"\"A.SMITH\"","count":30}]},"Reciever":{"k":20,"c":10,"ub":27,"topk":[{"key":"\"\"","count":27184},{"key":"\"J.NELSON\"","count":236},{"key":"\"D.JOHNSON\"","count":216},{"key":"\"A.ROBINSON\"","count":194},{"key":"\"O.BECKHAM\"","count":181},{"key":"\"M.EVANS\"","count":178},{"key":"\"D.THOMAS\"","count":169},{"key":"\"J.EDELMAN\"","count":168},{"key":"\"A.BROWN\"","count":167},{"key":"\"T.HILTON\"","count":165},{"key":"\"L.FITZGERALD\"","count":161},{"key":"\"D.HOPKINS\"","count":160},{"key":"\"M.CRABTREE\"","count":158},{"key":"\"T.PRYOR\"","count":150},{"key":"\"A.COOPER\"","count":149},{"key":"\"G.TATE\"","count":142},{"key":"\"E.SANDERS\"","count":141},{"key":"\"K.RUDOLPH\"","count":140},{"key":"\"B.MARSHALL\"","count":138},{"key":"\"G.OLSEN\"","count":137}]},"QB":{"k":20,"c":10,"ub":0,"topk":[{"key":"\"\"","count":26548},{"key":"\"J.FLACCO\"","count":709},{"key":"\"D.BREES\"","count":697},{"key":"\"B.BORTLES\"","count":667},{"key":"\"A.RODGERS\"","count":648},{"key":"\"C.PALMER\"","count":643},{"key":"\"C.WENTZ\"","count":643},{"key":"\"K.COUSINS\"","count":640},{"key":"\"M.STAFFORD\"","count":634},{"key":"\"E.MANNING\"","count":631},{"key":"\"J.WINSTON\"","count":618},{"key":"\"P.RIVERS\"","count":610},{"key":"\"D.CARR\"","count":605},{"key":"\"A.DALTON\"","count":591},{"key":"\"A.LUCK\"","count":586},{"key":"\"S.BRADFORD\"","count":581},{"key":"\"R.WILSON\"","count":579},{"key":"\"M.RYAN\"","count":565},{"key":"\"B.ROETHLISBERGER\"","count":545},{"key":"\"C.NEWTON\"","count":543}]},"ExtraPoint":{"min":0,"max":1,"roundMin":0,"roundMax":2,"buckets":[{"pos":0,"b":55},{"pos":1,"b":1124}],"quartiles":{"q1":1,"q2":1,"q3":1}},"Shotgun":{"min":1,"max":1,"roundMin":1,"roundMax":2,"buckets":[{"pos":0,"b":22334}],"quartiles":{"q1":1,"q2":1,"q3":1}},"PlayClock":{"min":3600000,"max":54000000,"roundMin":0,"roundMax":55000000,"buckets":[{"pos":0,"b":1294},{"pos":1,"b":4271},{"pos":2,"b":3605},{"pos":3,"b":3356},{"pos":4,"b":3291},{"pos":5,"b":3252},{"pos":6,"b":3242},{"pos":7,"b":3243},{"pos":8,"b":3226},{"pos":9,"b":3247},{"pos":10,"b":3078}],"quartiles":{"q1":14446219,"q2":27685665,"q3":41259936}},"TimeOutTime":{"min":60000,"max":53760000,"roundMin":0,"roundMax":55000000,"buckets":[{"pos":0,"b":741},{"pos":1,"b":371},{"pos":2,"b":217},{"pos":3,"b":112},{"pos":4,"b":79},{"pos":5,"b":66},{"pos":6,"b":62},{"pos":7,"b":58},{"pos":8,"b":66},{"pos":9,"b":37},{"pos":10,"b":23}],"quartiles":{"q1":2672083,"q2":6834000,"q3":16590000}},"TimeOutNumber":{"min":1,"max":4,"roundMin":1,"roundMax":5,"buckets":[{"pos":0,"b":809},{"pos":1,"b":611},{"pos":2,"b":349},{"pos":3,"b":2}],"quartiles":{"q1":1,"q2":2,"q3":2}},"TimeOutBy":{"k":20,"c":10,"ub":0,"topk":[{"key":"CAR","count":72},{"key":"SD","count":68},{"key":"BAL","count":67},{"key":"NO","count":67},{"key":"DEN","count":65},{"key":"HOU","count":63},{"key":"GB","count":62},{"key":"SEA","count":61},{"key":"TB","count":61},{"key":"CIN","count":60},{"key":"CLE","count":60},{"key":"KC","count":59},{"key":"ARI","count":58},{"key":"JAX","count":58},{"key":"CHI","count":56},{"key":"DET","count":55},{"key":"SF","count":53},{"key":"WAS","count":53},{"key":"ATL","count":52},{"key":"BUF","count":52}]},"TwoMinWarn":{"min":0,"max":1,"roundMin":0,"roundMax":2,"buckets":[{"pos":0,"b":45464},{"pos":1,"b":486}],"quartiles":{"q1":0,"q2":0,"q3":0}},"EndQuarter":{"min":1,"max":4,"roundMin":1,"roundMax":5,"buckets":[{"pos":0,"b":254},{"pos":1,"b":257},{"pos":2,"b":256},{"pos":3,"b":249}],"quartiles":{"q1":2,"q2":3,"q3":3}},"Yards":{"min":-23,"max":100,"roundMin":-30,"roundMax":110,"buckets":[{"pos":0,"b":1},{"pos":1,"b":205},{"pos":2,"b":2571},{"pos":3,"b":36043},{"pos":4,"b":5010},{"pos":5,"b":1280},{"pos":6,"b":419},{"pos":7,"b":217},{"pos":8,"b":107},{"pos":9,"b":50},{"pos":10,"b":31},{"pos":11,"b":9},{"pos":12,"b":5},{"pos":13,"b":2}],"quartiles":{"q1":0,"q2":0,"q3":6}},"Formation":{"k":20,"c":10,"ub":0,"topk":[{"key":"SHOTGUN","count":18981},{"key":"UNDER CENTER","count":18792},{"key":"NO HUDDLE SHOTGUN","count":3351},{"key":"PUNT","count":2374},{"key":"FIELD GOAL","count":1029},{"key":"NONE","count":777},{"key":"NO HUDDLE","count":643},{"key":"WILDCAT","count":3}]},"PlayType":{"k":20,"c":10,"ub":0,"topk":[{"key":"PASS","count":19320},{"key":"RUSH","count":12427},{"key":"KICK OFF","count":2652},{"key":"PUNT","count":2441},{"key":"TIMEOUT","count":1772},{"key":"EXTRA POINT","count":1201},{"key":"SACK","count":1176},{"key":"FIELD GOAL","count":1028},{"key":"NO PLAY","count":881},{"key":"SCRAMBLE","count":695},{"key":"QB KNEEL","count":376},{"key":"TWO-POINT CONVERSION","count":104},{"key":"EXCEPTION","count":97},{"key":"FUMBLES","count":96},{"key":"CLOCK STOP","count":71},{"key":"PENALTY","count":5}]},"RunningBack":{"k":20,"c":10,"ub":0,"topk":[]},"IsRush":{"min":0,"max":1,"roundMin":0,"roundMax":2,"buckets":[{"pos":0,"b":32896},{"pos":1,"b":13054}],"quartiles":{"q1":0,"q2":0,"q3":1}},"IsPass":{"min":0,"max":1,"roundMin":0,"roundMax":2,"buckets":[{"pos":0,"b":26777},{"pos":1,"b":19173}],"quartiles":{"q1":0,"q2":0,"q3":1}},"IsComplete":{"min":0,"max":1,"roundMin":0,"roundMax":2,"buckets":[{"pos":0,"b":7065},{"pos":1,"b":12255}],"quartiles":{"q1":0,"q2":1,"q3":1}},"IsTouchdown":{"min":0,"max":1,"roundMin":0,"roundMax":2,"buckets":[{"pos":0,"b":44599},{"pos":1,"b":1351}],"quartiles":{"q1":0,"q2":0,"q3":0}},"PassType":{"k":20,"c":10,"ub":0,"topk":[{"key":"SHORT RIGHT","count":6342},{"key":"SHORT LEFT","count":5637},{"key":"SHORT MIDDLE","count":3690},{"key":"DEEP RIGHT","count":1427},{"key":"DEEP LEFT","count":1385},{"key":"DEEP MIDDLE","count":818},{"key":"INTENDED FOR","count":4},{"key":"NOT LISTED","count":3},{"key":"(4:03) (NO","count":1},{"key":"(55-A.BROOKS) [53-NBOWMAN]","count":1},{"key":"(6:33) 11-ASMITH","count":1},{"key":"(6:41) (SHOTGUN)","count":1},{"key":"(94-C.LIUGET) [99-JBOSA]","count":1},{"key":"(:15) (SHOTGUN)","count":1},{"key":"BACK TO","count":1},{"key":"KESSLER THROUGH","count":1},{"key":"MIDDLE TO","count":1},{"key":"RIGHT (58-JHICKS)","count":1},{"key":"RIGHT. PENALTY","count":1},{"key":"[33-E.GAINES]. LA-33-EGAINES","count":1}]},"IsSack":{"min":0,"max":1,"roundMin":0,"roundMax":2,"buckets":[{"pos":0,"b":44793},{"pos":1,"b":1157}],"quartiles":{"q1":0,"q2":0,"q3":0}},"IsChallenge":{"min":0,"max":1,"roundMin":0,"roundMax":2,"buckets":[{"pos":0,"b":45784},{"pos":1,"b":166}],"quartiles":{"q1":0,"q2":0,"q3":0}},"IsChalReversed":{"k":20,"c":10,"ub":0,"topk":[{"key":"0","count":86},{"key":"1","count":83}]},"IsInterception":{"min":0,"max":1,"roundMin":0,"roundMax":2,"buckets":[{"pos":0,"b":45501},{"pos":1,"b":449}],"quartiles":{"q1":0,"q2":0,"q3":0}},"IsFumble":{"min":0,"max":1,"roundMin":0,"roundMax":2,"buckets":[{"pos":0,"b":45338},{"pos":1,"b":612}],"quartiles":{"q1":0,"q2":0,"q3":0}},"IsPenalty":{"min":0,"max":1,"roundMin":0,"roundMax":2,"buckets":[{"pos":0,"b":42081},{"pos":1,"b":3869}],"quartiles":{"q1":0,"q2":0,"q3":0}},"IsTPC":{"min":0,"max":1,"roundMin":0,"roundMax":2,"buckets":[{"pos":0,"b":45847},{"pos":1,"b":103}],"quartiles":{"q1":0,"q2":0,"q3":0}},"IsTPCGood":{"min":0,"max":1,"roundMin":0,"roundMax":2,"buckets":[{"pos":0,"b":52},{"pos":1,"b":53}],"quartiles":{"q1":0,"q2":1,"q3":1}},"RushDirection":{"k":20,"c":10,"ub":0,"topk":[{"key":"CENTER","count":3558},{"key":"RIGHT GUARD","count":1605},{"key":"LEFT GUARD","count":1568},{"key":"LEFT END","count":1464},{"key":"RIGHT TACKLE","count":1459},{"key":"LEFT TACKLE","count":1445},{"key":"RIGHT END","count":1328}]},"IsPenAcc":{"min":0,"max":1,"roundMin":0,"roundMax":2,"buckets":[{"pos":0,"b":479},{"pos":1,"b":3416}],"quartiles":{"q1":1,"q2":1,"q3":1}},"PenaltyTeam":{"k":20,"c":10,"ub":0,"topk":[{"key":"OAK","count":163},{"key":"DEN","count":144},{"key":"LA","count":144},{"key":"MIA","count":140},{"key":"JAX","count":139},{"key":"BAL","count":137},{"key":"PIT","count":132},{"key":"SEA","count":130},{"key":"SD","count":128},{"key":"CHI","count":125},{"key":"PHI","count":124},{"key":"WAS","count":124},{"key":"BUF","count":123},{"key":"KC","count":123},{"key":"TEN","count":123},{"key":"CAR","count":120},{"key":"DAL","count":119},{"key":"SF","count":118},{"key":"NO","count":116},{"key":"ARI","count":115}]},"PenaltyType":{"k":20,"c":10,"ub":0,"topk":[{"key":"OFFENSIVE HOLDING","count":817},{"key":"FALSE START","count":589},{"key":"DEFENSIVE PASS INTERFERENCE","count":297},{"key":"DEFENSIVE HOLDING","count":275},{"key":"DEFENSIVE OFFSIDE","count":242},{"key":"UNNECESSARY ROUGHNESS","count":196},{"key":"DELAY OF GAME","count":140},{"key":"ILLEGAL BLOCK ABOVE THE WAIST","count":129},{"key":"ILLEGAL USE OF HANDS","count":125},{"key":"NEUTRAL ZONE INFRACTION","count":117},{"key":"FACE MASK (15 YARDS)","count":105},{"key":"OFFENSIVE PASS INTERFERENCE","count":105},{"key":"ILLEGAL FORMATION","count":99},{"key":"ROUGHING THE PASSER","count":86},{"key":"UNSPORTSMANLIKE CONDUCT","count":72},{"key":"ILLEGAL CONTACT","count":59},{"key":"DEFENSIVE 12 ON-FIELD","count":51},{"key":"ILLEGAL SHIFT","count":51},{"key":"ENCROACHMENT","count":48},{"key":"INELIGIBLE DOWNFIELD PASS","count":31}]},"PenYards":{"min":0,"max":66,"roundMin":0,"roundMax":70,"buckets":[{"pos":0,"b":718},{"pos":1,"b":1705},{"pos":2,"b":919},{"pos":3,"b":463},{"pos":4,"b":34},{"pos":5,"b":19},{"pos":6,"b":15},{"pos":7,"b":10},{"pos":8,"b":6},{"pos":9,"b":4},{"pos":10,"b":0},{"pos":11,"b":1},{"pos":12,"b":0},{"pos":13,"b":1}],"quartiles":{"q1":5,"q2":5,"q3":10}}}
